{"cameraMode":{"drawMode":0,"name":"Shaded","section":"Shading Mode"},"sceneLighting":true,"audioPlay":false,"sceneViewState":{"m_AlwaysRefresh":false,"showFog":true,"showSkybox":true,"showFlares":true,"showImageEffects":true,"showParticleSystems":true,"showVisualEffectGraphs":true,"m_FxEnabled":true},"in2DMode":false,"pivot":{"x":-0.7698335647583008,"y":-0.0670323297381401,"z":-1.4948508739471436},"rotation":{"x":0.039724573493003848,"y":0.960134744644165,"z":-0.18664467334747315,"w":0.20433762669563294},"size":1.2939120531082154,"orthographic":false}