{"cameraMode":{"drawMode":0,"name":"Shaded","section":"Shading Mode"},"sceneLighting":true,"audioPlay":false,"sceneViewState":{"m_AlwaysRefresh":false,"showFog":true,"showSkybox":true,"showFlares":true,"showImageEffects":true,"showParticleSystems":true,"showVisualEffectGraphs":true,"m_FxEnabled":true},"in2DMode":false,"pivot":{"x":-1.17145574092865,"y":0.4588084816932678,"z":0.36367344856262209},"rotation":{"x":0.001600010902620852,"y":0.9925633072853088,"z":-0.12119343876838684,"w":0.013096182607114315},"size":0.6664392352104187,"orthographic":false}